{
  "project_info": {
    "project_number": "114629637917",
    "project_id": "authenticationapp-5ba73",
    "storage_bucket": "authenticationapp-5ba73.appspot.com"
  },
  "client": [
    {
      "client_info": {
        "mobilesdk_app_id": "1:114629637917:android:c359be45e9f6721726d3f4",
        "android_client_info": {
          "package_name": "com.example.authenticationapp"
        }
      },
      "oauth_client": [],
      "api_key": [
        {
          "current_key": "AIzaSyAJs31g3A-yzCCg0EHfgVwO25FLkVfO8N4"
        }
      ],
      "services": {
        "appinvite_service": {
          "other_platform_oauth_client": []
        }
      }
    }
  ],
  "configuration_version": "1"
}